"sound.files","selec","duration","meanfreq","sd","median","Q25","Q75","IQR","skew","kurt","sp.ent","sfm","mode","centroid","peakf","meanfun","minfun","maxfun","meandom","mindom","maxdom","dfrange","modindx"
"output.wav","0",20,0.206879719384527,0.0515359724952564,0.211551107934239,0.171222301644031,0.250178699070765,0.0789563974267334,1.73449986521605,7.80165190541588,0.930882110132867,0.386209789316137,0.200693352394568,0.206879719384527,0,0.178981657418125,0.043620178041543,0.279113924050633,1.70193256578947,0,13.0921875,13.0921875,0.0446224256292906
